attraction_name,category,area,description,cost_aed,duration_hours,best_time,opening_hours,booking_required,family_friendly,romantic,adventure,cultural,indoor_outdoor,insider_tip
Burj Khalifa (At The Top),Iconic Landmark,Downtown Dubai,World's tallest building at 828m with observation decks on floors 124 and 148. Stunning 360-degree views of Dubai and beyond.,149-379,1.5-2,Sunset or after dark for city lights,9am-11pm daily,Yes - book online in advance,Yes,Yes,No,No,Indoor,Book the 148th floor SKY experience for sunrise - dramatically fewer crowds than sunset and price is lower before 9am
Dubai Mall,Shopping and Entertainment,Downtown Dubai,World's largest mall by total area with 1200+ stores, an aquarium, ice rink, VR park and the famous Dubai Fountain outside.,Free entry - activities extra,3-6,Weekday morning to avoid crowds,10am-12am Sunday-Wednesday / 10am-1am Thursday-Saturday,No,Yes,Yes,No,No,Indoor,The underwater zoo tunnel inside Dubai Aquarium gives a free partial view without paying - walk through the ground floor of the mall
Dubai Fountain,Iconic Landmark,Downtown Dubai,World's largest choreographed fountain system at 275m long shooting water 150m high synchronized to music.,Free,0.5,Evening shows at 6pm 6:30pm 7pm 7:30pm 8pm then every 30 min,Daily shows from 6pm onwards,No,Yes,Yes,No,No,Outdoor,Take the free Fountain boardwalk boat ride for AED 25 for the closest possible view during the show
Palm Jumeirah Monorail,Experience,Palm Jumeirah,Monorail connecting the Palm trunk to Atlantis giving aerial views of the Palm island layout.,25 one way,0.5,Daytime for best views,10am-10pm daily,No,Yes,Yes,No,No,Both,Sit on the right side going towards Atlantis for the best aerial Palm photography
Atlantis Aquaventure Waterpark,Theme Park,Palm Jumeirah,Massive waterpark at Atlantis with record-breaking slides including the Leap of Faith near-vertical drop through a shark lagoon.,395 adults / 345 children,6-8,Weekday to avoid queues,10am-6pm daily,No,Yes,No,Yes,No,Outdoor,Arrive at 9:30am before opening - the Leap of Faith and Poseidon's Revenge have 45 min queues by 11am
Dubai Frame,Iconic Landmark,Zabeel Park,150m tall picture frame-shaped structure with glass-floored sky bridge connecting old and new Dubai sides.,50,1-1.5,Morning for clearest views,9am-9pm daily,No,Yes,Yes,No,No,Both,Stand on the glass floor sky bridge in the middle - genuinely terrifying and completely unique perspective of the city
Dubai Museum,Cultural,Bur Dubai,Oldest building in Dubai (Al Fahidi Fort 1787) housing exhibits of traditional Emirati life and Dubai's transformation story.,3,1-1.5,Morning,8:30am-8:30pm Saturday-Thursday / 2:30pm-8:30pm Friday,No,Yes,No,No,Yes,Indoor,At just 3 AED this is the best value experience in Dubai - most tourists skip it but it is genuinely fascinating context for the whole city
Al Fahidi Historical Neighbourhood,Cultural,Bur Dubai,Perfectly preserved 19th century wind-tower architecture district with art galleries museums and the oldest surviving buildings in Dubai.,Free,1.5-2,Morning before heat,Always open - galleries 10am-6pm,No,Yes,Yes,No,Yes,Outdoor,The Sheikh Mohammed Centre for Cultural Understanding offers free cultural breakfast sessions here on Tuesdays - book online 48hrs ahead
Souk Madinat Jumeirah,Cultural Shopping,Jumeirah,Recreated traditional Arabian souk with 75 boutiques bars restaurants and abra rides through canals with Burj Al Arab backdrop.,Free entry,2-3,Evening for best atmosphere,10am-11pm daily,No,Yes,Yes,No,Yes,Both,The abra canal ride between venues is free and gives the best Burj Al Arab view of any location in Dubai without paying for access
Burj Al Arab,Iconic Landmark,Jumeirah,World's most photographed hotel and symbol of Dubai luxury. Non-guests require a minimum spend reservation to enter.,Free outside / 200+ AED minimum inside,0.5-3,Any time for exterior photos,Public areas for guests with reservations,Yes for entry,Yes,Yes,No,No,Both,The best free Burj Al Arab photo spot is Kite Beach just north of the hotel - completely free and better angles than anywhere else
Desert Safari,Adventure,Outside Dubai,Classic Dubai experience of dune bashing in 4x4 vehicles followed by camel riding sandboarding and traditional Bedouin camp dinner.,250-400 per person,6 (usually 3pm-9pm),Late afternoon golden hour dunes,Afternoon pickup - sunset in desert,Yes - book tour,Yes,Yes,Yes,Yes,Outdoor,Choose a tour operator with a smaller camp maximum 50 people - the large 300-person camps feel like a theme park and lose all authenticity
Dubai Creek Dhow Cruise,Experience,Deira/Bur Dubai,Traditional wooden dhow boat dinner cruise along historic Dubai Creek passing illuminated heritage buildings with buffet dinner.,100-200 per person,2-2.5,After dark for best atmosphere,8pm-10:30pm daily,Yes - book in advance,Yes,Yes,No,Yes,Outdoor,Sit on the upper open deck rather than enclosed lower deck - the breeze and views are dramatically better even in summer with the movement creating airflow
IMG Worlds of Adventure,Theme Park,City of Arabia,World's largest indoor theme park with Marvel Cartoon Network and Haunted Hotel zones across 1.5 million square feet.,300-350 per person,6-8,Weekday morning,11am-9pm daily,No,Yes,No,Yes,No,Indoor,The Marvel zone Thor and Captain America rides have the longest queues - go there first within 10 minutes of opening
Global Village,Cultural Entertainment,Dubailand,Massive open-air cultural festival with 90 country pavilions authentic food entertainment and performances. Seasonal October to April only.,18 entry,4-6,Thursday or Friday evening for best atmosphere,4pm-12am daily (seasonal),No,Yes,Yes,No,Yes,Outdoor,Go hungry - the food pavilions have the most authentic international street food in Dubai at surprisingly reasonable prices. The Brazil and Turkey pavilions have the best queues
Dubai Opera,Arts and Culture,Downtown Dubai,Stunning dhow-shaped performing arts venue hosting opera ballet theatre and concerts in the heart of Downtown.,150-800 depending on show,2-3,Evening performances,Box office 10am-9pm - shows vary,Yes,No,Yes,No,Yes,Indoor,Even without a show ticket the exterior and surrounding Opera District plaza are beautiful at night - free to walk around and photograph
Miracle Garden,Nature,Dubailand,World's largest natural flower garden with 150 million blooms shaped into Disney characters Emirates aircraft and giant structures. Seasonal November to April.,55 adults / 40 children,2-3,Morning or late afternoon to avoid midday heat,9am-9pm daily seasonal,No,Yes,Yes,No,No,Outdoor,Visit on a weekday in November or December when flowers are freshest and crowds are smallest - the Instagram photos are dramatically better
La Mer Beach,Beach,Jumeirah,Trendy open beachfront development with boutique shops restaurants a water park and a bohemian laid-back atmosphere.,Free beach - activities extra,3-5,Morning weekday,Beach always open - shops 10am-11pm,No,Yes,Yes,No,No,Outdoor,The northern end of La Mer beach away from Laguna Waterpark is much quieter and has the same sand and sea - walk 5 minutes past the crowds
Kite Beach,Beach,Jumeirah,Popular public beach named after the kite surfers with food trucks beach volleyball courts and perfect Burj Al Arab views.,Free,2-4,Morning Friday for best atmosphere,Always open,No,Yes,Yes,Yes,No,Outdoor,Friday mornings have an incredible food truck scene with the best casual outdoor breakfast in Dubai - completely free beach with world-class views
Green Planet,Nature Indoor,City Walk,Unique indoor tropical rainforest biodome housing 3000 plants and 500 animals including sloths butterflies and exotic birds across 4 floors.,80 adults / 60 children,1.5-2,Any time - fully indoor,10am-8pm daily,No,Yes,Yes,No,Yes,Indoor,The nocturnal zone on the bottom floor is genuinely fascinating and completely different from a regular zoo - rarely mentioned in tourist guides
Ras Al Khor Wildlife Sanctuary,Nature,Dubai Creek Harbour,Free flamingo sanctuary in the middle of the city with hundreds of greater flamingos visible from three free viewing hides.,Free,1-1.5,Early morning for best bird activity,Sunrise to sunset - closed Friday,No,Yes,Yes,No,Yes,Outdoor,Bring binoculars if possible - the flamingos are about 200m from the hides but the sheer number in an urban setting is extraordinary and virtually unknown to tourists
Museum of the Future,Iconic Landmark,Trade Centre,Futuristic torus-shaped building showcasing future technologies sustainability and human innovation across immersive themed floors.,149-189,2-3,Weekday morning,10am-6pm daily,Yes - timed entry,Yes,Yes,No,Yes,Indoor,The building exterior at night is one of the most photographed objects in Dubai - free to see from outside and the Arabic calligraphy lighting is stunning
Ain Dubai,Iconic Landmark,Bluewaters Island,World's largest observation wheel at 250m offering 30-minute cabin rides with panoramic Dubai skyline and coastline views.,130-430 depending on cabin type,0.5-1,Sunset for best lighting,3pm-11pm weekdays / 12pm-11pm weekends,Yes,Yes,Yes,No,No,Outdoor,The dining cabin experience includes food and is actually reasonable value compared to many Dubai restaurants with the added 250m view
XLine Dubai Marina,Adventure,Dubai Marina,World's longest urban zipline at 1km flying 170m above Dubai Marina at 80km/h between two towers.,350 per person,0.25 experience / 2 with briefing,Any time - avoid midday heat,10am-sunset daily,Yes,No,Yes,Yes,No,Outdoor,The post-flight walk back along the Marina promenade is a perfect cooldown - combine with dinner at the Marina Walk for a perfect evening
Alserkal Avenue,Arts Culture,Al Quoz,Dubai's leading arts district in converted industrial warehouses with 70 galleries studios cinema and creative spaces.,Free,1.5-2.5,Thursday evening for gallery openings,Tuesday-Sunday 10am-8pm / later for events,No,Yes,Yes,No,Yes,Indoor,First Thursday of the month has simultaneous gallery openings across all venues with free drinks - the most authentic Dubai social scene outside of tourist areas
Dubai Ice Rink,Entertainment,Downtown Dubai,Olympic-sized ice rink inside Dubai Mall with skating sessions lessons and ice disco nights.,60-80 per session including skate hire,1.5-2,Evening ice disco Friday and Saturday,10am-11pm daily,No,Yes,Yes,No,No,Indoor,The Friday night ice disco with DJ and lights is genuinely fun and a completely different side of Dubai - popular with residents not tourists
Spice Souk,Cultural Shopping,Deira,Traditional covered market overflowing with saffron frankincense dried limes cardamom and hundreds of spices and aromatics.,Free entry - prices vary,0.75-1,Morning for coolest temperatures and freshest stalls,8am-10pm Saturday-Thursday,No,Yes,Yes,No,Yes,Outdoor,Always negotiate - starting prices are 2-3x the fair price. The shop at the far northern end has the best quality saffron in Dubai at half the tourist-facing prices at the entrance
Gold Souk,Cultural Shopping,Deira,World-famous covered market with over 300 gold retailers displaying over 10 tonnes of gold jewellery at any time.,Free entry,1-2,Morning weekday,10am-10pm Saturday-Thursday / 4pm-10pm Friday,No,Yes,Yes,No,Yes,Covered Outdoor,The gold price per gram is government regulated and the same everywhere - only the making charges differ. The covered arcade architecture itself is worth seeing even without buying
Jumeirah Mosque,Cultural Religious,Jumeirah,One of the most beautiful mosques in Dubai and one of the very few open to non-Muslim visitors with guided cultural tours.,35 per person including refreshments,1-1.5,Saturday to Thursday morning tours at 10am,Tours Saturday-Thursday 10am only,Yes - book ahead,Yes,No,No,Yes,Outdoor,The cultural tour includes Q&A with the guide and authentic Emirati breakfast - the most genuine cultural exchange available to tourists in Dubai
Dubai Butterfly Garden,Nature,Dubailand,World's largest covered butterfly garden with 15000 butterflies of 26 species in climate-controlled dome habitats.,55 adults / 45 children,1-1.5,Any time - indoor,9am-6pm daily,No,Yes,Yes,No,Yes,Indoor,Adjacent to Miracle Garden - combine both visits on one day between November and April when both are open
Motiongate Dubai,Theme Park,Dubailand,Hollywood-themed park with Lionsgate DreamWorks and Sony zones featuring rides based on Hunger Games Smurfs and Hotel Transylvania.,295-340 per person,6-8,Weekday morning,11am-9pm daily,No,Yes,No,Yes,No,Both,The Studio Central zone has the shortest queues but the best stunt shows - check the show schedule first and plan rides around the performances
